user_id,user_name,email
U001,Ana Lopez,ana@mail.com
U002,Luis Perez,luis@mail.com
U003,Sofia Ruiz,sofia@mail.com
U004,Carlos Diaz,carlos@mail.com
U005,Maria Torres,maria@mail.com
U006,Jorge Lopez 006,jorge.lopez006@mail.com
U007,Lucia Lopez 007,lucia.lopez007@mail.com
U008,Diego Lopez 008,diego.lopez008@mail.com
U009,Valeria Lopez 009,valeria.lopez009@mail.com
U010,Miguel Lopez 010,miguel.lopez010@mail.com
U011,Paola Lopez 011,paola.lopez011@mail.com
U012,Andres Lopez 012,andres.lopez012@mail.com
U013,Renata Lopez 013,renata.lopez013@mail.com
U014,Fernando Lopez 014,fernando.lopez014@mail.com
U015,Camila Lopez 015,camila.lopez015@mail.com
U016,Ana Perez 016,ana.perez016@mail.com
U017,Luis Perez 017,luis.perez017@mail.com
U018,Sofia Perez 018,sofia.perez018@mail.com
U019,Carlos Perez 019,carlos.perez019@mail.com
U020,Maria Perez 020,maria.perez020@mail.com
U021,Jorge Perez 021,jorge.perez021@mail.com
U022,Lucia Perez 022,lucia.perez022@mail.com
U023,Diego Perez 023,diego.perez023@mail.com
U024,Valeria Perez 024,valeria.perez024@mail.com
U025,Miguel Perez 025,miguel.perez025@mail.com
U026,Paola Perez 026,paola.perez026@mail.com
U027,Andres Perez 027,andres.perez027@mail.com
U028,Renata Perez 028,renata.perez028@mail.com
U029,Fernando Perez 029,fernando.perez029@mail.com
U030,Camila Perez 030,camila.perez030@mail.com
U031,Ana Ruiz 031,ana.ruiz031@mail.com
U032,Luis Ruiz 032,luis.ruiz032@mail.com
U033,Sofia Ruiz 033,sofia.ruiz033@mail.com
U034,Carlos Ruiz 034,carlos.ruiz034@mail.com
U035,Maria Ruiz 035,maria.ruiz035@mail.com
U036,Jorge Ruiz 036,jorge.ruiz036@mail.com
U037,Lucia Ruiz 037,lucia.ruiz037@mail.com
U038,Diego Ruiz 038,diego.ruiz038@mail.com
U039,Valeria Ruiz 039,valeria.ruiz039@mail.com
U040,Miguel Ruiz 040,miguel.ruiz040@mail.com
U041,Paola Ruiz 041,paola.ruiz041@mail.com
U042,Andres Ruiz 042,andres.ruiz042@mail.com
U043,Renata Ruiz 043,renata.ruiz043@mail.com
U044,Fernando Ruiz 044,fernando.ruiz044@mail.com
U045,Camila Ruiz 045,camila.ruiz045@mail.com
U046,Ana Diaz 046,ana.diaz046@mail.com
U047,Luis Diaz 047,luis.diaz047@mail.com
U048,Sofia Diaz 048,sofia.diaz048@mail.com
U049,Carlos Diaz 049,carlos.diaz049@mail.com
U050,Maria Diaz 050,maria.diaz050@mail.com
U051,Jorge Diaz 051,jorge.diaz051@mail.com
U052,Lucia Diaz 052,lucia.diaz052@mail.com
U053,Diego Diaz 053,diego.diaz053@mail.com
U054,Valeria Diaz 054,valeria.diaz054@mail.com
U055,Miguel Diaz 055,miguel.diaz055@mail.com
U056,Paola Diaz 056,paola.diaz056@mail.com
U057,Andres Diaz 057,andres.diaz057@mail.com
U058,Renata Diaz 058,renata.diaz058@mail.com
U059,Fernando Diaz 059,fernando.diaz059@mail.com
U060,Camila Diaz 060,camila.diaz060@mail.com
U061,Ana Torres 061,ana.torres061@mail.com
U062,Luis Torres 062,luis.torres062@mail.com
U063,Sofia Torres 063,sofia.torres063@mail.com
U064,Carlos Torres 064,carlos.torres064@mail.com
U065,Maria Torres 065,maria.torres065@mail.com
U066,Jorge Torres 066,jorge.torres066@mail.com
U067,Lucia Torres 067,lucia.torres067@mail.com
U068,Diego Torres 068,diego.torres068@mail.com
U069,Valeria Torres 069,valeria.torres069@mail.com
U070,Miguel Torres 070,miguel.torres070@mail.com
U071,Paola Torres 071,paola.torres071@mail.com
U072,Andres Torres 072,andres.torres072@mail.com
U073,Renata Torres 073,renata.torres073@mail.com
U074,Fernando Torres 074,fernando.torres074@mail.com
U075,Camila Torres 075,camila.torres075@mail.com
U076,Ana Garcia 076,ana.garcia076@mail.com
U077,Luis Garcia 077,luis.garcia077@mail.com
U078,Sofia Garcia 078,sofia.garcia078@mail.com
U079,Carlos Garcia 079,carlos.garcia079@mail.com
U080,Maria Garcia 080,maria.garcia080@mail.com
U081,Jorge Garcia 081,jorge.garcia081@mail.com
U082,Lucia Garcia 082,lucia.garcia082@mail.com
U083,Diego Garcia 083,diego.garcia083@mail.com
U084,Valeria Garcia 084,valeria.garcia084@mail.com
U085,Miguel Garcia 085,miguel.garcia085@mail.com
U086,Paola Garcia 086,paola.garcia086@mail.com
U087,Andres Garcia 087,andres.garcia087@mail.com
U088,Renata Garcia 088,renata.garcia088@mail.com
U089,Fernando Garcia 089,fernando.garcia089@mail.com
U090,Camila Garcia 090,camila.garcia090@mail.com
U091,Ana Ramirez 091,ana.ramirez091@mail.com
U092,Luis Ramirez 092,luis.ramirez092@mail.com
U093,Sofia Ramirez 093,sofia.ramirez093@mail.com
U094,Carlos Ramirez 094,carlos.ramirez094@mail.com
U095,Maria Ramirez 095,maria.ramirez095@mail.com
U096,Jorge Ramirez 096,jorge.ramirez096@mail.com
U097,Lucia Ramirez 097,lucia.ramirez097@mail.com
U098,Diego Ramirez 098,diego.ramirez098@mail.com
U099,Valeria Ramirez 099,valeria.ramirez099@mail.com
U100,Miguel Ramirez 100,miguel.ramirez100@mail.com
U101,Paola Ramirez 101,paola.ramirez101@mail.com
U102,Andres Ramirez 102,andres.ramirez102@mail.com
U103,Renata Ramirez 103,renata.ramirez103@mail.com
U104,Fernando Ramirez 104,fernando.ramirez104@mail.com
U105,Camila Ramirez 105,camila.ramirez105@mail.com
U106,Ana Flores 106,ana.flores106@mail.com
U107,Luis Flores 107,luis.flores107@mail.com
U108,Sofia Flores 108,sofia.flores108@mail.com
U109,Carlos Flores 109,carlos.flores109@mail.com
U110,Maria Flores 110,maria.flores110@mail.com
U111,Jorge Flores 111,jorge.flores111@mail.com
U112,Lucia Flores 112,lucia.flores112@mail.com
U113,Diego Flores 113,diego.flores113@mail.com
U114,Valeria Flores 114,valeria.flores114@mail.com
U115,Miguel Flores 115,miguel.flores115@mail.com
U116,Paola Flores 116,paola.flores116@mail.com
U117,Andres Flores 117,andres.flores117@mail.com
U118,Renata Flores 118,renata.flores118@mail.com
U119,Fernando Flores 119,fernando.flores119@mail.com
U120,Camila Flores 120,camila.flores120@mail.com
